Postcode,County
AB1,Aberdeenshire
AB10,Aberdeen City
AB11,Aberdeen City
AB12,Aberdeenshire
AB13,Aberdeenshire
AB14,Aberdeenshire
AB15,Aberdeenshire
AB16,Aberdeen City
AB2,Aberdeenshire
AB21,Aberdeenshire
AB22,Aberdeen City
AB23,Aberdeenshire
AB24,Aberdeen City
AB25,Aberdeen City
AB3,Aberdeenshire
AB30,Aberdeenshire
AB31,Aberdeenshire
AB32,Aberdeenshire
AB33,Aberdeenshire
AB34,Aberdeenshire
AB35,Aberdeenshire
AB36,Aberdeenshire
AB37,Aberdeenshire
AB38,Moray
AB39,Aberdeenshire
AB4,Aberdeenshire
AB41,Aberdeenshire
AB42,Aberdeenshire
AB43,Aberdeenshire
AB44,Moray
AB45,Moray
AB5,Aberdeenshire
AB51,Aberdeenshire
AB52,Aberdeenshire
AB53,Aberdeenshire
AB54,Aberdeenshire
AB55,Moray
AB56,Moray
AB9,Aberdeenshire
AB99,Aberdeenshire
AL1,Hertfordshire
AL10,Hertfordshire
AL2,Hertfordshire
AL3,Hertfordshire
AL4,Hertfordshire
AL5,Hertfordshire
AL6,Hertfordshire
AL7,Hertfordshire
AL8,Hertfordshire
AL9,Hertfordshire
B1,West Midlands
B10,West Midlands
B11,West Midlands
B12,West Midlands
B13,West Midlands
B14,West Midlands
B15,West Midlands
B16,West Midlands
B17,West Midlands
B18,West Midlands
B19,West Midlands
B2,West Midlands
B20,West Midlands
B21,West Midlands
B22,West Midlands
B23,West Midlands
B24,West Midlands
B25,West Midlands
B26,West Midlands
B27,West Midlands
B28,West Midlands
B29,West Midlands
B3,West Midlands
B30,West Midlands
B31,West Midlands
B32,West Midlands
B33,West Midlands
B34,West Midlands
B35,West Midlands
B36,West Midlands
B37,West Midlands
B38,West Midlands
B4,West Midlands
B40,West Midlands
B42,West Midlands
B43,West Midlands
B44,West Midlands
B45,West Midlands
B46,Warwickshire
B47,Worcestershire
B48,Worcestershire
B49,Warwickshire
B5,West Midlands
B50,Warwickshire
B6,West Midlands
B60,Worcestershire
B61,Worcestershire
B62,West Midlands
B63,West Midlands
B64,West Midlands
B65,West Midlands
B66,West Midlands
B67,West Midlands
B68,West Midlands
B69,West Midlands
B7,West Midlands
B70,West Midlands
B71,West Midlands
B72,West Midlands
B73,West Midlands
B74,West Midlands
B75,West Midlands
B76,West Midlands
B77,Staffordshire
B78,Staffordshire
B79,Staffordshire
B8,West Midlands
B80,Warwickshire
B9,West Midlands
B90,West Midlands
B91,West Midlands
B92,West Midlands
B93,West Midlands
B94,Warwickshire
B95,Warwickshire
B96,Worcestershire
B97,Worcestershire
B98,Worcestershire
B99,West Midlands
BA1,Somerset
BA10,Somerset
BA11,Somerset
BA12,Wiltshire
BA13,Wiltshire
BA14,Wiltshire
BA15,Wiltshire
BA16,Somerset
BA2,Somerset
BA20,Somerset
BA21,Somerset
BA22,Somerset
BA3,Somerset
BA4,Somerset
BA5,Somerset
BA6,Somerset
BA7,Somerset
BA8,Dorset
BA9,Somerset
BB0,Lancashire
BB1,Lancashire
BB10,Lancashire
BB11,Lancashire
BB12,Lancashire
BB18,Lancashire
BB2,Lancashire
BB3,Lancashire
BB4,Lancashire
BB5,Lancashire
BB6,Lancashire
BB7,Lancashire
BB8,Lancashire
BB9,Lancashire
BB94,Lancashire
BD1,West Yorkshire
BD10,West Yorkshire
BD11,West Yorkshire
BD12,West Yorkshire
BD13,West Yorkshire
BD14,West Yorkshire
BD15,West Yorkshire
BD16,West Yorkshire
BD17,West Yorkshire
BD18,West Yorkshire
BD19,West Yorkshire
BD2,West Yorkshire
BD20,West Yorkshire
BD21,West Yorkshire
BD22,West Yorkshire
BD23,North Yorkshire
BD24,North Yorkshire
BD3,West Yorkshire
BD4,West Yorkshire
BD5,West Yorkshire
BD6,West Yorkshire
BD7,West Yorkshire
BD8,West Yorkshire
BD9,West Yorkshire
BD97,West Yorkshire
BD98,West Yorkshire
BD99,West Yorkshire
BH1,Dorset
BH10,Dorset
BH11,Dorset
BH12,Dorset
BH13,Dorset
BH14,Dorset
BH15,Dorset
BH16,Dorset
BH17,Dorset
BH18,Dorset
BH19,Dorset
BH2,Dorset
BH20,Dorset
BH21,Dorset
BH22,Dorset
BH23,Dorset
BH24,Dorset
BH25,Dorset
BH3,Dorset
BH31,Dorset
BH4,Dorset
BH5,Dorset
BH6,Dorset
BH7,Dorset
BH8,Dorset
BH9,Dorset
BL0,Greater Manchester
BL1,Greater Manchester
BL11,Greater Manchester
BL2,Greater Manchester
BL3,Greater Manchester
BL4,Greater Manchester
BL5,Greater Manchester
BL6,Greater Manchester
BL7,Greater Manchester
BL78,Greater Manchester
BL8,Greater Manchester
BL9,Greater Manchester
BN1,East Sussex
BN10,East Sussex
BN11,West Sussex
BN12,West Sussex
BN13,West Sussex
BN14,West Sussex
BN15,West Sussex
BN16,West Sussex
BN17,West Sussex
BN18,West Sussex
BN2,East Sussex
BN20,East Sussex
BN21,East Sussex
BN22,East Sussex
BN23,East Sussex
BN24,East Sussex
BN25,East Sussex
BN26,East Sussex
BN27,East Sussex
BN3,East Sussex
BN4,East Sussex
BN41,East Sussex
BN42,East Sussex
BN43,West Sussex
BN44,West Sussex
BN45,West Sussex
BN5,West Sussex
BN50,East Sussex
BN51,East Sussex
BN52,East Sussex
BN6,West Sussex
BN7,East Sussex
BN8,East Sussex
BN88,East Sussex
BN9,East Sussex
BN91,West Sussex
BN95,West Sussex
BN99,West Sussex
BR1,Greater London
BR2,Greater London
BR3,Greater London
BR4,Greater London
BR5,Greater London
BR6,Greater London
BR7,Greater London
BR8,Kent
BR98,Greater London
BS0,Bristol
BS1,Bristol
BS10,Bristol
BS11,Bristol
BS12,Bristol
BS13,Bristol
BS14,Bristol
BS15,South Gloucestershire
BS16,South Gloucestershire
BS17,South Gloucestershire
BS18,South Gloucestershire
BS19,South Gloucestershire
BS2,Bristol
BS20,North Somerset
BS21,North Somerset
BS22,North Somerset
BS23,North Somerset
BS24,North Somerset
BS25,North Somerset
BS26,North Somerset
BS27,North Somerset
BS28,North Somerset
BS29,North Somerset
BS3,Bristol
BS30,South Gloucestershire
BS31,Bath and North East Somerset
BS32,South Gloucestershire
BS34,South Gloucestershire
BS35,South Gloucestershire
BS36,South Gloucestershire
BS37,South Gloucestershire
BS38,South Gloucestershire
BS39,Bath and North East Somerset
BS4,Bristol
BS40,Bath and North East Somerset
BS41,North Somerset
BS48,North Somerset
BS49,North Somerset
BS5,Bristol
BS6,Bristol
BS7,Bristol
BS77,North Somerset
BS8,Bristol
BS80,North Somerset
BS9,Bristol
BS98,Bristol
BS99,Bristol
BT1,Belfast
BT10,Belfast
BT11,Belfast
BT12,Belfast
BT13,Belfast
BT14,Belfast
BT15,Belfast
BT16,Belfast
BT17,Belfast
BT18,County Down
BT19,County Down
BT2,Belfast
BT20,County Down
BT21,County Down
BT22,County Down
BT23,County Down
BT24,County Down
BT25,County Down
BT26,County Down
BT27,County Down
BT28,County Antrim
BT29,County Antrim
BT3,Belfast
BT30,County Down
BT31,County Down
BT32,County Down
BT33,County Down
BT34,County Down
BT35,County Armagh
BT36,County Antrim
BT37,County Antrim
BT38,County Antrim
BT39,County Antrim
BT4,Belfast
BT40,County Antrim
BT41,County Antrim
BT42,County Antrim
BT43,County Antrim
BT44,County Antrim
BT45,County Londonderry
BT46,County Londonderry
BT47,County Londonderry
BT48,County Londonderry
BT49,County Londonderry
BT5,Belfast
BT51,County Londonderry
BT52,County Londonderry
BT53,County Londonderry
BT54,County Antrim
BT55,County Londonderry
BT56,County Londonderry
BT57,County Antrim
BT58,County Londonderry
BT6,Belfast
BT60,County Armagh
BT61,County Armagh
BT62,County Armagh
BT63,County Armagh
BT64,County Armagh
BT65,County Armagh
BT66,County Armagh
BT67,County Armagh
BT68,County Armagh
BT69,County Armagh
BT7,Belfast
BT70,County Tyrone
BT71,County Tyrone
BT74,County Fermanagh
BT75,County Fermanagh
BT76,County Fermanagh
BT77,County Fermanagh
BT78,County Tyrone
BT79,County Tyrone
BT8,Belfast
BT80,County Tyrone
BT81,County Tyrone
BT82,County Tyrone
BT9,Belfast
BT92,County Fermanagh
BT93,County Fermanagh
BT94,County Fermanagh
BT99,County Fermanagh
CA1,Cumbria
CA10,Cumbria
CA11,Cumbria
CA12,Cumbria
CA13,Cumbria
CA14,Cumbria
CA15,Cumbria
CA16,Cumbria
CA17,Cumbria
CA18,Cumbria
CA19,Cumbria
CA2,Cumbria
CA20,Cumbria
CA21,Cumbria
CA22,Cumbria
CA23,Cumbria
CA24,Cumbria
CA25,Cumbria
CA26,Cumbria
CA27,Cumbria
CA28,Cumbria
CA3,Cumbria
CA4,Cumbria
CA5,Cumbria
CA6,Cumbria
CA7,Cumbria
CA8,Cumbria
CA9,Cumbria
CA95,Cumbria
CB1,Cambridgeshire
CB1,Cambridgeshire
CB10,Essex
CB10,Essex
CB11,Essex
CB11,Essex
CB2,Cambridgeshire
CB2,Cambridgeshire
CB21,Cambridgeshire
CB21,Cambridgeshire
CB22,Cambridgeshire
CB22,Cambridgeshire
CB23,Cambridgeshire
CB23,Cambridgeshire
CB24,Cambridgeshire
CB24,Cambridgeshire
CB25,Cambridgeshire
CB25,Cambridgeshire
CB3,Cambridgeshire
CB3,Cambridgeshire
CB4,Cambridgeshire
CB4,Cambridgeshire
CB5,Cambridgeshire
CB5,Cambridgeshire
CB6,Cambridgeshire
CB6,Cambridgeshire
CB7,Cambridgeshire
CB7,Cambridgeshire
CB8,Cambridgeshire
CB8,Cambridgeshire
CB9,Cambridgeshire
CB9,Cambridgeshire
CF1,Cardiff
CF1,Cardiff
CF10,Cardiff
CF10,Cardiff
CF11,Cardiff
CF11,Cardiff
CF14,Cardiff
CF14,Cardiff
CF15,Cardiff
CF15,Cardiff
CF2,Cardiff
CF2,Cardiff
CF21,Cardiff
CF21,Cardiff
CF23,Cardiff
CF23,Cardiff
CF24,Cardiff
CF24,Cardiff
CF3,Cardiff
CF3,Cardiff
CF30,Cardiff
CF30,Cardiff
CF31,Bridgend
CF31,Bridgend
CF32,Bridgend
CF32,Bridgend
CF33,Bridgend
CF33,Bridgend
CF34,Bridgend
CF34,Bridgend
CF35,Bridgend
CF35,Bridgend
CF36,Bridgend
CF36,Bridgend
CF37,Rhondda Cynon Taff
CF37,Rhondda Cynon Taff
CF38,Rhondda Cynon Taff
CF38,Rhondda Cynon Taff
CF39,Rhondda Cynon Taff
CF39,Rhondda Cynon Taff
CF4,Cardiff
CF4,Cardiff
CF40,Rhondda Cynon Taff
CF40,Rhondda Cynon Taff
CF41,Rhondda Cynon Taff
CF41,Rhondda Cynon Taff
CF42,Rhondda Cynon Taff
CF42,Rhondda Cynon Taff
CF43,Rhondda Cynon Taff
CF43,Rhondda Cynon Taff
CF44,Rhondda Cynon Taff
CF44,Rhondda Cynon Taff
CF45,Rhondda Cynon Taff
CF45,Rhondda Cynon Taff
CF46,Rhondda Cynon Taff
CF46,Rhondda Cynon Taff
CF47,Merthyr Tydfil
CF47,Merthyr Tydfil
CF48,Merthyr Tydfil
CF48,Merthyr Tydfil
CF5,Cardiff
CF5,Cardiff
CF6,Cardiff
CF6,Cardiff
CF61,Vale of Glamorgan
CF61,Vale of Glamorgan
CF62,Vale of Glamorgan
CF62,Vale of Glamorgan
CF63,Vale of Glamorgan
CF63,Vale of Glamorgan
CF64,Vale of Glamorgan
CF64,Vale of Glamorgan
CF7,Cardiff
CF7,Cardiff
CF71,Vale of Glamorgan
CF71,Vale of Glamorgan
CF72,Vale of Glamorgan
CF72,Vale of Glamorgan
CF8,Cardiff
CF8,Cardiff
CF81,Caerphilly
CF81,Caerphilly
CF82,Caerphilly
CF82,Caerphilly
CF83,Caerphilly
CF83,Caerphilly
CF91,Cardiff
CF91,Cardiff
CF95,Cardiff
CF95,Cardiff
CF99,Cardiff
CF99,Cardiff
CH1,Cheshire
CH1,Cheshire
CH2,Cheshire
CH2,Cheshire
CH25,Cheshire
CH25,Cheshire
CH26,Cheshire
CH26,Cheshire
CH27,Cheshire
CH27,Cheshire
CH28,Cheshire
CH28,Cheshire
CH29,Cheshire
CH29,Cheshire
CH3,Cheshire
CH3,Cheshire
CH30,Cheshire
CH30,Cheshire
CH31,Cheshire
CH31,Cheshire
CH32,Cheshire
CH32,Cheshire
CH33,Cheshire
CH33,Cheshire
CH34,Cheshire
CH34,Cheshire
CH4,Cheshire
CH4,Cheshire
CH41,Merseyside
CH41,Merseyside
CH42,Merseyside
CH42,Merseyside
CH43,Merseyside
CH43,Merseyside
CH44,Merseyside
CH44,Merseyside
CH45,Merseyside
CH45,Merseyside
CH46,Merseyside
CH46,Merseyside
CH47,Merseyside
CH47,Merseyside
CH48,Merseyside
CH48,Merseyside
CH49,Merseyside
CH49,Merseyside
CH5,Flintshire
CH5,Flintshire
CH6,Flintshire
CH6,Flintshire
CH60,Merseyside
CH60,Merseyside
CH61,Merseyside
CH61,Merseyside
CH62,Merseyside
CH62,Merseyside
CH63,Merseyside
CH63,Merseyside
CH64,Merseyside
CH64,Merseyside
CH65,Cheshire
CH65,Cheshire
CH66,Cheshire
CH66,Cheshire
CH7,Flintshire
CH7,Flintshire
CH70,Cheshire
CH70,Cheshire
CH8,Flintshire
CH8,Flintshire
CH88,Cheshire
CH88,Cheshire
CH99,Cheshire
CH99,Cheshire
CM0,Essex
CM0,Essex
CM1,Essex
CM1,Essex
CM11,Essex
CM11,Essex
CM12,Essex
CM12,Essex
CM13,Essex
CM13,Essex
CM14,Essex
CM14,Essex
CM15,Essex
CM15,Essex
CM16,Essex
CM16,Essex
CM17,Essex
CM17,Essex
CM18,Essex
CM18,Essex
CM19,Essex
CM19,Essex
CM2,Essex
CM2,Essex
CM20,Essex
CM20,Essex
CM21,Essex
CM21,Essex
CM22,Essex
CM22,Essex
CM23,Essex
CM23,Essex
CM24,Essex
CM24,Essex
CM3,Essex
CM3,Essex
CM4,Essex
CM4,Essex
CM5,Essex
CM5,Essex
CM6,Essex
CM6,Essex
CM7,Essex
CM7,Essex
CM77,Essex
CM77,Essex
CM8,Essex
CM8,Essex
CM9,Essex
CM9,Essex
CM92,Essex
CM92,Essex
CM98,Essex
CM98,Essex
CM99,Essex
CM99,Essex
CO1,Essex
CO10,Suffolk
CO11,Essex
CO12,Essex
CO13,Essex
CO14,Essex
CO15,Essex
CO16,Essex
CO2,Essex
CO3,Essex
CO4,Essex
CO5,Essex
CO6,Essex
CO7,Essex
CO8,Essex
CO9,Essex
CR0,Greater London
CR2,Greater London
CR3,Surrey
CR4,Greater London
CR44,Greater London
CR5,Surrey
CR6,Surrey
CR7,Greater London
CR8,Greater London
CR9,Greater London
CR90,Greater London
CT1,Kent
CT10,Kent
CT11,Kent
CT12,Kent
CT13,Kent
CT14,Kent
CT15,Kent
CT16,Kent
CT17,Kent
CT18,Kent
CT19,Kent
CT2,Kent
CT20,Kent
CT21,Kent
CT3,Kent
CT4,Kent
CT5,Kent
CT50,Kent
CT6,Kent
CT7,Kent
CT8,Kent
CT9,Kent
CV1,West Midlands
CV10,Warwickshire
CV11,Warwickshire
CV12,Warwickshire
CV13,Leicestershire
CV2,West Midlands
CV21,Warwickshire
CV22,Warwickshire
CV23,Warwickshire
CV3,West Midlands
CV31,Warwickshire
CV32,Warwickshire
CV33,Warwickshire
CV34,Warwickshire
CV35,Warwickshire
CV36,Warwickshire
CV37,Warwickshire
CV4,West Midlands
CV47,Warwickshire
CV5,West Midlands
CV6,West Midlands
CV7,Warwickshire
CV8,Warwickshire
CV9,Warwickshire
CW1,Cheshire
CW10,Cheshire
CW11,Cheshire
CW12,Cheshire
CW2,Cheshire
CW3,Staffordshire
CW4,Cheshire
CW5,Cheshire
CW6,Cheshire
CW7,Cheshire
CW8,Cheshire
CW9,Cheshire
CW98,Cheshire
DA1,Kent
DA10,Kent
DA11,Kent
DA12,Kent
DA13,Kent
DA14,Greater London
DA15,Greater London
DA16,Greater London
DA17,Greater London
DA18,Greater London
DA2,Kent
DA3,Kent
DA4,Kent
DA5,Kent
DA6,Kent
DA7,Kent
DA8,Kent
DA9,Kent
DD1,Angus
DD10,Angus
DD11,Angus
DD2,Angus
DD3,Angus
DD4,Angus
DD5,Angus
DD6,Fife
DD7,Angus
DD8,Angus
DD9,Angus
DE1,Derbyshire
DE11,Derbyshire
DE12,Leicestershire
DE13,Staffordshire
DE14,Staffordshire
DE15,Staffordshire
DE2,Derbyshire
DE21,Derbyshire
DE22,Derbyshire
DE23,Derbyshire
DE24,Derbyshire
DE3,Derbyshire
DE4,Derbyshire
DE45,Derbyshire
DE5,Derbyshire
DE55,Derbyshire
DE56,Derbyshire
DE6,Derbyshire
DE65,Derbyshire
DE7,Derbyshire
DE72,Derbyshire
DE73,Derbyshire
DE74,Derbyshire
DE75,Derbyshire
DE99,Derbyshire
DG1,Dumfries and Galloway
DG10,Dumfries and Galloway
DG11,Dumfries and Galloway
DG12,Dumfries and Galloway
DG13,Dumfries and Galloway
DG14,Dumfries and Galloway
DG16,Dumfries and Galloway
DG2,Dumfries and Galloway
DG3,Dumfries and Galloway
DG4,Dumfries and Galloway
DG5,Dumfries and Galloway
DG6,Dumfries and Galloway
DG7,Dumfries and Galloway
DG8,Dumfries and Galloway
DG9,Dumfries and Galloway
DH1,County Durham
DH2,County Durham
DH3,County Durham
DH4,County Durham
DH5,County Durham
DH6,County Durham
DH7,County Durham
DH8,County Durham
DH9,County Durham
DH97,County Durham
DH98,County Durham
DH99,County Durham
DL1,County Durham
DL10,North Yorkshire
DL11,North Yorkshire
DL12,County Durham
DL13,County Durham
DL14,County Durham
DL15,County Durham
DL16,County Durham
DL17,County Durham
DL2,County Durham
DL3,County Durham
DL4,County Durham
DL5,County Durham
DL6,North Yorkshire
DL7,North Yorkshire
DL8,North Yorkshire
DL9,North Yorkshire
DL98,County Durham
DN1,South Yorkshire
DN10,Nottinghamshire
DN11,Nottinghamshire
DN12,South Yorkshire
DN14,East Riding of Yorkshire
DN15,North Lincolnshire
DN16,North Lincolnshire
DN17,North Lincolnshire
DN18,North Lincolnshire
DN19,North Lincolnshire
DN2,South Yorkshire
DN20,North Lincolnshire
DN21,Lincolnshire
DN22,Nottinghamshire
DN3,South Yorkshire
DN31,North East Lincolnshire
DN32,North East Lincolnshire
DN33,North East Lincolnshire
DN34,North East Lincolnshire
DN35,North East Lincolnshire
DN36,North East Lincolnshire
DN37,North East Lincolnshire
DN38,North East Lincolnshire
DN39,North Lincolnshire
DN4,South Yorkshire
DN40,North Lincolnshire
DN41,North East Lincolnshire
DN5,South Yorkshire
DN55,North Lincolnshire
DN6,South Yorkshire
DN7,South Yorkshire
DN8,South Yorkshire
DN9,North Lincolnshire
DT1,Dorset
DT10,Dorset
DT11,Dorset
DT2,Dorset
DT3,Dorset
DT4,Dorset
DT5,Dorset
DT6,Dorset
DT7,Dorset
DT8,Dorset
DT9,Dorset
DY1,West Midlands
DY10,Worcestershire
DY11,Worcestershire
DY12,Worcestershire
DY13,Worcestershire
DY14,Worcestershire
DY2,West Midlands
DY3,West Midlands
DY4,West Midlands
DY5,West Midlands
DY6,West Midlands
DY7,West Midlands
DY8,West Midlands
DY9,West Midlands
E1,Greater London
E10,Greater London
E11,Greater London
E12,Greater London
E13,Greater London
E14,Greater London
E15,Greater London
E16,Greater London
E17,Greater London
E18,Greater London
E1W,Greater London
E2,Greater London
E20,Greater London
E22,Greater London
E3,Greater London
E4,Greater London
E5,Greater London
E6,Greater London
E7,Greater London
E77,Greater London
E8,Greater London
E9,Greater London
E98,Greater London
EC1A,Greater London
EC1M,Greater London
EC1N,Greater London
EC1P,Greater London
EC1R,Greater London
EC1V,Greater London
EC1Y,Greater London
EC2A,Greater London
EC2M,Greater London
EC2N,Greater London
EC2P,Greater London
EC2R,Greater London
EC2V,Greater London
EC2Y,Greater London
EC3A,Greater London
EC3B,Greater London
EC3M,Greater London
EC3N,Greater London
EC3P,Greater London
EC3R,Greater London
EC3V,Greater London
EC4A,Greater London
EC4M,Greater London
EC4N,Greater London
EC4P,Greater London
EC4R,Greater London
EC4V,Greater London
EC4Y,Greater London
EC50,Greater London
EC88,Greater London
EH1,City of Edinburgh
EH10,City of Edinburgh
EH11,City of Edinburgh
EH12,City of Edinburgh
EH13,City of Edinburgh
EH14,City of Edinburgh
EH15,City of Edinburgh
EH16,City of Edinburgh
EH17,City of Edinburgh
EH18,Midlothian
EH19,Midlothian
EH2,City of Edinburgh
EH20,Midlothian
EH21,East Lothian
EH22,Midlothian
EH23,Midlothian
EH24,Midlothian
EH25,Midlothian
EH26,Midlothian
EH27,West Lothian
EH28,West Lothian
EH29,West Lothian
EH3,City of Edinburgh
EH30,West Lothian
EH31,East Lothian
EH32,East Lothian
EH33,East Lothian
EH34,East Lothian
EH35,East Lothian
EH36,East Lothian
EH37,Midlothian
EH38,Midlothian
EH39,East Lothian
EH4,City of Edinburgh
EH40,East Lothian
EH41,East Lothian
EH42,East Lothian
EH43,Scottish Borders
EH44,Scottish Borders
EH45,Scottish Borders
EH46,Scottish Borders
EH47,West Lothian
EH48,West Lothian
EH49,West Lothian
EH5,City of Edinburgh
EH51,Falkirk
EH52,West Lothian
EH53,West Lothian
EH54,West Lothian
EH55,West Lothian
EH6,City of Edinburgh
EH7,City of Edinburgh
EH77,City of Edinburgh
EH8,City of Edinburgh
EH9,City of Edinburgh
EH91,City of Edinburgh
EH95,City of Edinburgh
EH99,City of Edinburgh
EN1,Greater London
EN10,Hertfordshire
EN11,Hertfordshire
EN2,Greater London
EN3,Greater London
EN4,Greater London
EN5,Greater London
EN6,Hertfordshire
EN7,Hertfordshire
EN77,Hertfordshire
EN8,Hertfordshire
EN9,Hertfordshire
EX1,Devon
EX10,Devon
EX11,Devon
EX12,Devon
EX13,Devon
EX14,Devon
EX15,Devon
EX16,Devon
EX17,Devon
EX18,Devon
EX19,Devon
EX2,Devon
EX20,Devon
EX21,Devon
EX22,Devon
EX23,Cornwall
EX24,Devon
EX3,Devon
EX31,Devon
EX32,Devon
EX33,Devon
EX34,Devon
EX35,Devon
EX36,Devon
EX37,Devon
EX38,Devon
EX39,Devon
EX4,Devon
EX5,Devon
EX6,Devon
EX7,Devon
EX8,Devon
EX9,Devon
FK1,Falkirk
FK10,Clackmannanshire
FK11,Clackmannanshire
FK12,Clackmannanshire
FK13,Clackmannanshire
FK14,Clackmannanshire
FK15,Stirling
FK16,Stirling
FK17,Stirling
FK18,Stirling
FK19,Stirling
FK2,Falkirk
FK20,Stirling
FK21,Stirling
FK3,Falkirk
FK4,Falkirk
FK5,Falkirk
FK6,Falkirk
FK7,Stirling
FK8,Stirling
FK9,Stirling
FY0,Lancashire
FY1,Lancashire
FY2,Lancashire
FY3,Lancashire
FY4,Lancashire
FY5,Lancashire
FY6,Lancashire
FY7,Lancashire
FY8,Lancashire
G1,Glasgow City
G11,Glasgow City
G12,Glasgow City
G13,Glasgow City
G14,Glasgow City
G15,Glasgow City
G2,Glasgow City
G20,Glasgow City
G21,Glasgow City
G22,Glasgow City
G23,Glasgow City
G3,Glasgow City
G31,Glasgow City
G32,Glasgow City
G33,Glasgow City
G34,Glasgow City
G4,Glasgow City
G40,Glasgow City
G41,Glasgow City
G42,Glasgow City
G43,Glasgow City
G44,Glasgow City
G45,Glasgow City
G46,East Renfrewshire
G5,Glasgow City
G51,Glasgow City
G52,Glasgow City
G53,Glasgow City
G58,Glasgow City
G59,Glasgow City
G60,West Dunbartonshire
G61,East Dunbartonshire
G62,East Dunbartonshire
G63,Stirling
G64,East Dunbartonshire
G65,North Lanarkshire
G66,East Dunbartonshire
G67,North Lanarkshire
G68,North Lanarkshire
G69,North Lanarkshire
G70,North Lanarkshire
G71,South Lanarkshire
G72,South Lanarkshire
G73,South Lanarkshire
G74,South Lanarkshire
G75,South Lanarkshire
G76,East Renfrewshire
G77,East Renfrewshire
G78,Renfrewshire
G79,South Lanarkshire
G80,South Lanarkshire
G81,West Dunbartonshire
G82,West Dunbartonshire
G83,West Dunbartonshire
G84,Argyll and Bute
G9,Glasgow City
G90,Glasgow City
GIR,South Ayrshire
GL1,Gloucestershire
GL10,Gloucestershire
GL11,Gloucestershire
GL12,Gloucestershire
GL13,Gloucestershire
GL14,Gloucestershire
GL15,Gloucestershire
GL16,Gloucestershire
GL17,Gloucestershire
GL18,Gloucestershire
GL19,Gloucestershire
GL2,Gloucestershire
GL20,Gloucestershire
GL3,Gloucestershire
GL4,Gloucestershire
GL5,Gloucestershire
GL50,Gloucestershire
GL51,Gloucestershire
GL52,Gloucestershire
GL53,Gloucestershire
GL54,Gloucestershire
GL55,Gloucestershire
GL56,Gloucestershire
GL6,Gloucestershire
GL7,Gloucestershire
GL8,Gloucestershire
GL9,Gloucestershire
GU1,Surrey
GU10,Surrey
GU11,Hampshire
GU12,Hampshire
GU13,Hampshire
GU14,Hampshire
GU15,Surrey
GU16,Surrey
GU17,Hampshire
GU18,Surrey
GU19,Surrey
GU2,Surrey
GU20,Surrey
GU21,Surrey
GU22,Surrey
GU23,Surrey
GU24,Surrey
GU25,Surrey
GU26,Surrey
GU27,Surrey
GU28,West Sussex
GU29,West Sussex
GU3,Surrey
GU30,Hampshire
GU31,Hampshire
GU32,Hampshire
GU33,Hampshire
GU34,Hampshire
GU35,Hampshire
GU4,Surrey
GU46,Hampshire
GU47,Berkshire
GU5,Surrey
GU51,Hampshire
GU52,Hampshire
GU6,Surrey
GU7,Surrey
GU8,Surrey
GU9,Surrey
GU95,Surrey
GY1,Guernsey
GY10,Guernsey
GY2,Guernsey
GY3,Guernsey
GY4,Guernsey
GY5,Guernsey
GY6,Guernsey
GY7,Guernsey
GY8,Guernsey
GY9,Guernsey
HA0,Greater London
HA1,Greater London
HA2,Greater London
HA3,Greater London
HA4,Greater London
HA5,Greater London
HA6,Greater London
HA7,Greater London
HA8,Greater London
HA9,Greater London
HD1,West Yorkshire
HD2,West Yorkshire
HD3,West Yorkshire
HD4,West Yorkshire
HD5,West Yorkshire
HD6,West Yorkshire
HD7,West Yorkshire
HD8,West Yorkshire
HD9,West Yorkshire
HG1,North Yorkshire
HG2,North Yorkshire
HG3,North Yorkshire
HG4,North Yorkshire
HG5,North Yorkshire
HP1,Hertfordshire
HP10,Buckinghamshire
HP11,Buckinghamshire
HP12,Buckinghamshire
HP13,Buckinghamshire
HP14,Buckinghamshire
HP15,Buckinghamshire
HP16,Buckinghamshire
HP17,Buckinghamshire
HP18,Buckinghamshire
HP19,Buckinghamshire
HP2,Hertfordshire
HP20,Buckinghamshire
HP21,Buckinghamshire
HP22,Buckinghamshire
HP23,Buckinghamshire
HP27,Buckinghamshire
HP3,Hertfordshire
HP4,Hertfordshire
HP5,Buckinghamshire
HP6,Buckinghamshire
HP7,Buckinghamshire
HP8,Buckinghamshire
HP9,Buckinghamshire
HR1,Herefordshire
HR2,Herefordshire
HR3,Herefordshire
HR4,Herefordshire
HR5,Herefordshire
HR6,Herefordshire
HR7,Herefordshire
HR8,Herefordshire
HR9,Herefordshire
HS1,Na h-Eileanan Siar
HS2,Na h-Eileanan Siar
HS3,Na h-Eileanan Siar
HS4,Na h-Eileanan Siar
HS5,Na h-Eileanan Siar
HS6,Na h-Eileanan Siar
HS7,Na h-Eileanan Siar
HS8,Na h-Eileanan Siar
HS9,Na h-Eileanan Siar
HU1,East Riding of Yorkshire
HU10,East Riding of Yorkshire
HU11,East Riding of Yorkshire
HU12,East Riding of Yorkshire
HU13,East Riding of Yorkshire
HU14,East Riding of Yorkshire
HU15,East Riding of Yorkshire
HU16,East Riding of Yorkshire
HU17,East Riding of Yorkshire
HU18,East Riding of Yorkshire
HU19,East Riding of Yorkshire
HU2,East Riding of Yorkshire
HU20,East Riding of Yorkshire
HU3,East Riding of Yorkshire
HU4,East Riding of Yorkshire
HU5,East Riding of Yorkshire
HU55,East Riding of Yorkshire
HU6,East Riding of Yorkshire
HU7,East Riding of Yorkshire
HU8,East Riding of Yorkshire
HU9,East Riding of Yorkshire
HX1,West Yorkshire
HX2,West Yorkshire
HX3,West Yorkshire
HX4,West Yorkshire
HX5,West Yorkshire
HX6,West Yorkshire
HX7,West Yorkshire
IG1,Greater London
IG10,Essex
IG11,Greater London
IG2,Greater London
IG3,Greater London
IG4,Greater London
IG5,Greater London
IG6,Greater London
IG7,Greater London
IG8,Greater London
IG9,Essex
IM1,Isle of Man
IM2,Isle of Man
IM3,Isle of Man
IM4,Isle of Man
IM5,Isle of Man
IM6,Isle of Man
IM7,Isle of Man
IM8,Isle of Man
IM9,Isle of Man
IP1,Suffolk
IP10,Suffolk
IP11,Suffolk
IP12,Suffolk
IP13,Suffolk
IP14,Suffolk
IP15,Suffolk
IP16,Suffolk
IP17,Suffolk
IP18,Suffolk
IP19,Suffolk
IP2,Suffolk
IP20,Norfolk
IP21,Norfolk
IP22,Norfolk
IP23,Norfolk
IP24,Norfolk
IP25,Norfolk
IP26,Norfolk
IP27,Norfolk
IP28,Suffolk
IP29,Suffolk
IP3,Suffolk
IP30,Suffolk
IP31,Suffolk
IP32,Suffolk
IP33,Suffolk
IP4,Suffolk
IP5,Suffolk
IP6,Suffolk
IP7,Suffolk
IP8,Suffolk
IP9,Suffolk
IP98,Suffolk
IV1,Highland
IV10,Highland
IV11,Highland
IV12,Highland
IV13,Highland
IV14,Highland
IV15,Highland
IV16,Highland
IV17,Highland
IV18,Highland
IV19,Highland
IV2,Highland
IV20,Highland
IV21,Highland
IV22,Highland
IV23,Highland
IV24,Highland
IV25,Highland
IV26,Highland
IV27,Highland
IV28,Highland
IV3,Highland
IV30,Moray
IV31,Moray
IV32,Moray
IV33,Highland
IV34,Moray
IV35,Moray
IV36,Moray
IV4,Highland
IV40,Highland
IV41,Highland
IV42,Highland
IV43,Highland
IV44,Highland
IV45,Highland
IV46,Highland
IV47,Highland
IV48,Highland
IV49,Highland
IV5,Highland
IV51,Highland
IV52,Highland
IV53,Highland
IV54,Highland
IV55,Highland
IV56,Highland
IV6,Highland
IV63,Highland
IV7,Highland
IV8,Highland
IV9,Highland
IV99,Highland
JE2,Jersey
JE3,Jersey
KA1,East Ayrshire
KA10,South Ayrshire
KA11,North Ayrshire
KA12,North Ayrshire
KA13,North Ayrshire
KA14,North Ayrshire
KA15,North Ayrshire
KA16,East Ayrshire
KA17,East Ayrshire
KA18,East Ayrshire
KA19,South Ayrshire
KA2,East Ayrshire
KA20,North Ayrshire
KA21,North Ayrshire
KA22,North Ayrshire
KA23,North Ayrshire
KA24,North Ayrshire
KA25,North Ayrshire
KA26,South Ayrshire
KA27,North Ayrshire
KA28,North Ayrshire
KA29,North Ayrshire
KA3,East Ayrshire
KA30,North Ayrshire
KA4,East Ayrshire
KA5,East Ayrshire
KA6,South Ayrshire
KA7,South Ayrshire
KA8,South Ayrshire
KA9,South Ayrshire
KT1,Surrey
KT10,Greater London
KT11,Surrey
KT12,Surrey
KT13,Surrey
KT14,Surrey
KT15,Surrey
KT16,Surrey
KT17,Greater London
KT18,Surrey
KT19,Greater London
KT2,Surrey
KT20,Surrey
KT21,Surrey
KT22,Surrey
KT23,Surrey
KT24,Surrey
KT3,Surrey
KT4,Greater London
KT5,Greater London
KT6,Greater London
KT7,Greater London
KT8,Greater London
KT9,Greater London
KW1,Highland
KW10,Highland
KW11,Highland
KW12,Highland
KW13,Highland
KW14,Highland
KW15,Orkney
KW16,Orkney
KW17,Orkney
KW2,Highland
KW3,Highland
KW5,Highland
KW6,Highland
KW7,Highland
KW8,Highland
KW9,Highland
KY1,Fife
KY10,Fife
KY11,Fife
KY12,Fife
KY13,Fife
KY14,Fife
KY15,Fife
KY16,Fife
KY2,Fife
KY3,Fife
KY4,Fife
KY5,Fife
KY6,Fife
KY7,Fife
KY8,Fife
KY9,Fife
KY99,Fife
L1,Merseyside
L10,Merseyside
L11,Merseyside
L12,Merseyside
L13,Merseyside
L14,Merseyside
L15,Merseyside
L16,Merseyside
L17,Merseyside
L18,Merseyside
L19,Merseyside
L2,Merseyside
L20,Merseyside
L21,Merseyside
L22,Merseyside
L23,Merseyside
L24,Merseyside
L25,Merseyside
L26,Merseyside
L27,Merseyside
L28,Merseyside
L29,Merseyside
L3,Merseyside
L30,Merseyside
L31,Merseyside
L32,Merseyside
L33,Merseyside
L34,Merseyside
L35,Merseyside
L36,Merseyside
L37,Merseyside
L38,Merseyside
L39,Lancashire
L4,Merseyside
L40,Lancashire
L41,Merseyside
L42,Merseyside
L43,Merseyside
L44,Merseyside
L45,Merseyside
L46,Merseyside
L47,Merseyside
L48,Merseyside
L49,Merseyside
L5,Merseyside
L6,Merseyside
L60,Merseyside
L61,Merseyside
L62,Merseyside
L63,Merseyside
L64,Merseyside
L65,Merseyside
L66,Merseyside
L67,Merseyside
L68,Merseyside
L69,Merseyside
L7,Merseyside
L70,Merseyside
L71,Merseyside
L72,Merseyside
L73,Merseyside
L74,Merseyside
L75,Merseyside
L8,Merseyside
L80,Lancashire
L9,Merseyside
LA1,Lancashire
LA10,Cumbria
LA11,Cumbria
LA12,Cumbria
LA13,Cumbria
LA14,Cumbria
LA15,Cumbria
LA16,Cumbria
LA17,Cumbria
LA18,Cumbria
LA19,Cumbria
LA2,Lancashire
LA20,Cumbria
LA21,Cumbria
LA22,Cumbria
LA23,Cumbria
LA3,Lancashire
LA4,Lancashire
LA5,Lancashire
LA6,Lancashire
LA7,Lancashire
LA8,Lancashire
LA9,Cumbria
LD1,Powys
LD2,Powys
LD3,Powys
LD4,Powys
LD5,Powys
LD6,Powys
LD7,Powys
LD8,Powys
LE1,Leicestershire
LE10,Leicestershire
LE11,Leicestershire
LE12,Leicestershire
LE13,Leicestershire
LE14,Leicestershire
LE15,Rutland
LE16,Rutland
LE17,Leicestershire
LE18,Leicestershire
LE19,Leicestershire
LE2,Leicestershire
LE21,Leicestershire
LE3,Leicestershire
LE4,Leicestershire
LE41,Leicestershire
LE5,Leicestershire
LE55,Leicestershire
LE6,Leicestershire
LE65,Leicestershire
LE67,Leicestershire
LE7,Leicestershire
LE8,Leicestershire
LE87,Leicestershire
LE9,Leicestershire
LE94,Leicestershire
LE95,Leicestershire
LE99,Leicestershire
LL11,Wrexham
LL12,Wrexham
LL13,Wrexham
LL14,Wrexham
LL15,Denbighshire
LL16,Denbighshire
LL17,Denbighshire
LL18,Denbighshire
LL19,Denbighshire
LL20,Denbighshire
LL21,Denbighshire
LL22,Conwy
LL23,Gwynedd
LL24,Conwy
LL25,Conwy
LL26,Conwy
LL27,Conwy
LL28,Conwy
LL29,Conwy
LL30,Conwy
LL31,Conwy
LL32,Conwy
LL33,Conwy
LL34,Conwy
LL35,Gwynedd
LL36,Gwynedd
LL37,Gwynedd
LL38,Gwynedd
LL39,Gwynedd
LL40,Gwynedd
LL41,Gwynedd
LL42,Gwynedd
LL43,Gwynedd
LL44,Gwynedd
LL45,Gwynedd
LL46,Gwynedd
LL47,Gwynedd
LL48,Gwynedd
LL49,Gwynedd
LL51,Gwynedd
LL52,Gwynedd
LL53,Gwynedd
LL54,Gwynedd
LL55,Gwynedd
LL56,Gwynedd
LL57,Gwynedd
LL58,Gwynedd
LL59,Gwynedd
LL60,Gwynedd
LL61,Gwynedd
LL62,Gwynedd
LL63,Gwynedd
LL64,Anglesey
LL65,Anglesey
LL66,Anglesey
LL67,Anglesey
LL68,Anglesey
LL69,Anglesey
LL70,Anglesey
LL71,Anglesey
LL72,Anglesey
LL73,Anglesey
LL74,Anglesey
LL75,Anglesey
LL76,Anglesey
LL77,Anglesey
LL78,Anglesey
LN1,Lincolnshire
LN10,Lincolnshire
LN11,Lincolnshire
LN12,Lincolnshire
LN13,Lincolnshire
LN2,Lincolnshire
LN3,Lincolnshire
LN4,Lincolnshire
LN5,Lincolnshire
LN6,Lincolnshire
LN7,Lincolnshire
LN8,Lincolnshire
LN9,Lincolnshire
LS1,West Yorkshire
LS10,West Yorkshire
LS11,West Yorkshire
LS12,West Yorkshire
LS13,West Yorkshire
LS14,West Yorkshire
LS15,West Yorkshire
LS16,West Yorkshire
LS17,West Yorkshire
LS18,West Yorkshire
LS19,West Yorkshire
LS2,West Yorkshire
LS20,West Yorkshire
LS21,West Yorkshire
LS22,West Yorkshire
LS23,West Yorkshire
LS24,North Yorkshire
LS25,West Yorkshire
LS26,West Yorkshire
LS27,West Yorkshire
LS28,West Yorkshire
LS29,West Yorkshire
LS3,West Yorkshire
LS4,West Yorkshire
LS5,West Yorkshire
LS6,West Yorkshire
LS7,West Yorkshire
LS8,West Yorkshire
LS88,West Yorkshire
LS9,West Yorkshire
LS98,West Yorkshire
LS99,West Yorkshire
LU1,Bedfordshire
LU2,Bedfordshire
LU3,Bedfordshire
LU4,Bedfordshire
LU5,Bedfordshire
LU6,Bedfordshire
LU7,Bedfordshire
LU95,Bedfordshire
M1,Greater Manchester
M10,Greater Manchester
M11,Greater Manchester
M12,Greater Manchester
M13,Greater Manchester
M14,Greater Manchester
M15,Greater Manchester
M16,Greater Manchester
M17,Greater Manchester
M18,Greater Manchester
M19,Greater Manchester
M2,Greater Manchester
M20,Greater Manchester
M21,Greater Manchester
M22,Greater Manchester
M23,Greater Manchester
M24,Greater Manchester
M25,Greater Manchester
M26,Greater Manchester
M27,Greater Manchester
M28,Greater Manchester
M29,Greater Manchester
M3,Greater Manchester
M30,Greater Manchester
M31,Greater Manchester
M32,Greater Manchester
M33,Greater Manchester
M34,Greater Manchester
M35,Greater Manchester
M38,Greater Manchester
M4,Greater Manchester
M40,Greater Manchester
M41,Greater Manchester
M43,Greater Manchester
M44,Greater Manchester
M45,Greater Manchester
M46,Greater Manchester
M5,Greater Manchester
M50,Greater Manchester
M52,Greater Manchester
M6,Greater Manchester
M60,Greater Manchester
M61,Greater Manchester
M7,Greater Manchester
M8,Greater Manchester
M9,Greater Manchester
M90,Greater Manchester
M99,Greater Manchester
ME1,Kent
ME10,Kent
ME11,Kent
ME12,Kent
ME13,Kent
ME14,Kent
ME15,Kent
ME16,Kent
ME17,Kent
ME18,Kent
ME19,Kent
ME2,Kent
ME20,Kent
ME3,Kent
ME4,Kent
ME5,Kent
ME6,Kent
ME7,Kent
ME8,Kent
ME9,Kent
ME99,Kent
MK1,Buckinghamshire
MK10,Buckinghamshire
MK11,Buckinghamshire
MK12,Buckinghamshire
MK13,Buckinghamshire
MK14,Buckinghamshire
MK15,Buckinghamshire
MK16,Buckinghamshire
MK17,Buckinghamshire
MK18,Buckinghamshire
MK19,Buckinghamshire
MK2,Buckinghamshire
MK3,Buckinghamshire
MK4,Buckinghamshire
MK40,Bedfordshire
MK41,Bedfordshire
MK42,Bedfordshire
MK43,Bedfordshire
MK44,Bedfordshire
MK45,Bedfordshire
MK46,Buckinghamshire
MK5,Buckinghamshire
MK6,Buckinghamshire
MK7,Buckinghamshire
MK77,Buckinghamshire
MK8,Buckinghamshire
MK9,Buckinghamshire
MK98,Buckinghamshire
ML1,North Lanarkshire
ML10,South Lanarkshire
ML11,South Lanarkshire
ML12,South Lanarkshire
ML2,North Lanarkshire
ML3,South Lanarkshire
ML4,North Lanarkshire
ML5,North Lanarkshire
ML6,North Lanarkshire
ML7,North Lanarkshire
ML8,South Lanarkshire
ML9,South Lanarkshire
N1,Greater London
N10,Greater London
N11,Greater London
N12,Greater London
N13,Greater London
N14,Greater London
N15,Greater London
N16,Greater London
N17,Greater London
N18,Greater London
N19,Greater London
N1C,Greater London
N1P,Greater London
N2,Greater London
N20,Greater London
N21,Greater London
N22,Greater London
N3,Greater London
N4,Greater London
N5,Greater London
N6,Greater London
N7,Greater London
N8,Greater London
N81,Greater London
N9,Greater London
NE1,Tyne and Wear
NE10,Tyne and Wear
NE11,Tyne and Wear
NE12,Tyne and Wear
NE13,Tyne and Wear
NE15,Tyne and Wear
NE16,Tyne and Wear
NE17,Tyne and Wear
NE18,Tyne and Wear
NE19,Northumberland
NE2,Tyne and Wear
NE20,Northumberland
NE21,Tyne and Wear
NE22,Northumberland
NE23,Northumberland
NE24,Northumberland
NE25,Northumberland
NE26,Northumberland
NE27,Tyne and Wear
NE28,Tyne and Wear
NE29,Tyne and Wear
NE3,Tyne and Wear
NE30,Tyne and Wear
NE31,Tyne and Wear
NE32,Tyne and Wear
NE33,Tyne and Wear
NE34,Tyne and Wear
NE35,Tyne and Wear
NE36,Tyne and Wear
NE37,Tyne and Wear
NE38,Tyne and Wear
NE39,Tyne and Wear
NE4,Tyne and Wear
NE40,Tyne and Wear
NE41,Northumberland
NE42,Northumberland
NE43,Northumberland
NE44,Northumberland
NE45,Northumberland
NE46,Northumberland
NE47,Northumberland
NE48,Northumberland
NE49,Northumberland
NE5,Tyne and Wear
NE6,Tyne and Wear
NE61,Northumberland
NE62,Northumberland
NE63,Northumberland
NE64,Northumberland
NE65,Northumberland
NE66,Northumberland
NE67,Northumberland
NE68,Northumberland
NE69,Northumberland
NE7,Tyne and Wear
NE70,Northumberland
NE71,Northumberland
NE8,Tyne and Wear
NE82,Tyne and Wear
NE83,Tyne and Wear
NE85,Tyne and Wear
NE88,Tyne and Wear
NE89,Northumberland
NE9,Tyne and Wear
NE92,Tyne and Wear
NE98,Tyne and Wear
NE99,Tyne and Wear
NG1,Nottinghamshire
NG10,Nottinghamshire
NG11,Nottinghamshire
NG12,Nottinghamshire
NG13,Nottinghamshire
NG14,Nottinghamshire
NG15,Nottinghamshire
NG16,Nottinghamshire
NG17,Nottinghamshire
NG18,Nottinghamshire
NG19,Nottinghamshire
NG2,Nottinghamshire
NG20,Nottinghamshire
NG21,Nottinghamshire
NG22,Nottinghamshire
NG23,Nottinghamshire
NG24,Nottinghamshire
NG25,Nottinghamshire
NG3,Nottinghamshire
NG31,Lincolnshire
NG32,Lincolnshire
NG33,Lincolnshire
NG34,Lincolnshire
NG4,Nottinghamshire
NG5,Nottinghamshire
NG6,Nottinghamshire
NG7,Nottinghamshire
NG70,Nottinghamshire
NG8,Nottinghamshire
NG80,Nottinghamshire
NG9,Nottinghamshire
NG90,Nottinghamshire
NN1,Northamptonshire
NN10,Northamptonshire
NN11,Northamptonshire
NN12,Northamptonshire
NN13,Northamptonshire
NN14,Northamptonshire
NN15,Northamptonshire
NN16,Northamptonshire
NN17,Northamptonshire
NN18,Northamptonshire
NN2,Northamptonshire
NN29,Northamptonshire
NN3,Northamptonshire
NN4,Northamptonshire
NN5,Northamptonshire
NN6,Northamptonshire
NN7,Northamptonshire
NN8,Northamptonshire
NN9,Northamptonshire
NN99,Northamptonshire
NP1,Monmouthshire
NP10,Newport
NP11,Caerphilly
NP12,Caerphilly
NP13,Blaenau Gwent
NP15,Monmouthshire
NP16,Monmouthshire
NP18,Newport
NP19,Newport
NP2,Monmouthshire
NP20,Newport
NP22,Blaenau Gwent
NP23,Blaenau Gwent
NP24,Caerphilly
NP25,Monmouthshire
NP26,Monmouthshire
NP3,Monmouthshire
NP4,Torfaen
NP44,Torfaen
NP5,Monmouthshire
NP6,Monmouthshire
NP7,Monmouthshire
NP8,Monmouthshire
NP9,Monmouthshire
NPT,Neath Port Talbot
NR1,Norfolk
NR10,Norfolk
NR11,Norfolk
NR12,Norfolk
NR13,Norfolk
NR14,Norfolk
NR15,Norfolk
NR16,Norfolk
NR17,Norfolk
NR18,Norfolk
NR19,Norfolk
NR2,Norfolk
NR20,Norfolk
NR21,Norfolk
NR22,Norfolk
NR23,Norfolk
NR24,Norfolk
NR25,Norfolk
NR26,Norfolk
NR27,Norfolk
NR28,Norfolk
NR29,Norfolk
NR3,Norfolk
NR30,Norfolk
NR31,Norfolk
NR32,Suffolk
NR33,Suffolk
NR34,Suffolk
NR35,Suffolk
NR4,Norfolk
NR5,Norfolk
NR6,Norfolk
NR7,Norfolk
NR8,Norfolk
NR9,Norfolk
NR99,Norfolk
NW1,Greater London
NW10,Greater London
NW11,Greater London
NW1W,Greater London
NW2,Greater London
NW26,Greater London
NW3,Greater London
NW4,Greater London
NW5,Greater London
NW6,Greater London
NW7,Greater London
NW8,Greater London
NW9,Greater London
OL1,Greater Manchester
OL10,Greater Manchester
OL11,Greater Manchester
OL12,Greater Manchester
OL13,Lancashire
OL14,West Yorkshire
OL15,Greater Manchester
OL16,Greater Manchester
OL2,Greater Manchester
OL3,Greater Manchester
OL4,Greater Manchester
OL5,Greater Manchester
OL6,Greater Manchester
OL7,Greater Manchester
OL8,Greater Manchester
OL9,Greater Manchester
OL95,Greater Manchester
OX1,Oxfordshire
OX10,Oxfordshire
OX11,Oxfordshire
OX12,Oxfordshire
OX13,Oxfordshire
OX14,Oxfordshire
OX15,Oxfordshire
OX16,Oxfordshire
OX17,Oxfordshire
OX18,Oxfordshire
OX2,Oxfordshire
OX20,Oxfordshire
OX25,Oxfordshire
OX26,Oxfordshire
OX27,Oxfordshire
OX28,Oxfordshire
OX29,Oxfordshire
OX3,Oxfordshire
OX33,Oxfordshire
OX39,Oxfordshire
OX4,Oxfordshire
OX44,Oxfordshire
OX49,Oxfordshire
OX5,Oxfordshire
OX6,Oxfordshire
OX7,Oxfordshire
OX8,Oxfordshire
OX9,Oxfordshire
PA1,Renfrewshire
PA1,Renfrewshire
PA10,Renfrewshire
PA10,Renfrewshire
PA11,Renfrewshire
PA11,Renfrewshire
PA12,Renfrewshire
PA12,Renfrewshire
PA13,Renfrewshire
PA13,Inverclyde
PA14,Inverclyde
PA14,Inverclyde
PA15,Inverclyde
PA15,Inverclyde
PA16,Inverclyde
PA16,Inverclyde
PA17,Inverclyde
PA17,Inverclyde
PA18,Inverclyde
PA18,Inverclyde
PA19,Inverclyde
PA19,Inverclyde
PA2,Renfrewshire
PA2,Renfrewshire
PA20,Argyll and Bute
PA20,Argyll and Bute
PA21,Argyll and Bute
PA21,Argyll and Bute
PA22,Argyll and Bute
PA22,Argyll and Bute
PA23,Argyll and Bute
PA23,Argyll and Bute
PA24,Argyll and Bute
PA24,Argyll and Bute
PA25,Argyll and Bute
PA25,Argyll and Bute
PA26,Argyll and Bute
PA26,Argyll and Bute
PA27,Argyll and Bute
PA27,Argyll and Bute
PA28,Argyll and Bute
PA28,Argyll and Bute
PA29,Argyll and Bute
PA29,Argyll and Bute
PA3,Renfrewshire
PA3,Renfrewshire
PA30,Argyll and Bute
PA30,Argyll and Bute
PA31,Argyll and Bute
PA31,Argyll and Bute
PA32,Argyll and Bute
PA32,Argyll and Bute
PA33,Argyll and Bute
PA33,Argyll and Bute
PA34,Argyll and Bute
PA34,Argyll and Bute
PA35,Argyll and Bute
PA35,Argyll and Bute
PA36,Argyll and Bute
PA36,Argyll and Bute
PA37,Argyll and Bute
PA37,Argyll and Bute
PA38,Argyll and Bute
PA38,Argyll and Bute
PA39,Argyll and Bute
PA39,Argyll and Bute
PA4,Renfrewshire
PA4,Renfrewshire
PA40,Argyll and Bute
PA40,Argyll and Bute
PA41,Argyll and Bute
PA41,Argyll and Bute
PA42,Argyll and Bute
PA42,Argyll and Bute
PA43,Argyll and Bute
PA43,Argyll and Bute
PA44,Argyll and Bute
PA44,Argyll and Bute
PA45,Argyll and Bute
PA45,Argyll and Bute
PA46,Argyll and Bute
PA46,Argyll and Bute
PA47,Argyll and Bute
PA47,Argyll and Bute
PA48,Argyll and Bute
PA48,Argyll and Bute
PA49,Argyll and Bute
PA49,Argyll and Bute
PA5,Renfrewshire
PA5,Renfrewshire
PA6,Renfrewshire
PA6,Renfrewshire
PA60,Argyll and Bute
PA60,Argyll and Bute
PA61,Argyll and Bute
PA61,Argyll and Bute
PA62,Argyll and Bute
PA62,Argyll and Bute
PA63,Argyll and Bute
PA63,Argyll and Bute
PA64,Argyll and Bute
PA64,Argyll and Bute
PA65,Argyll and Bute
PA65,Argyll and Bute
PA66,Argyll and Bute
PA66,Argyll and Bute
PA67,Argyll and Bute
PA67,Argyll and Bute
PA68,Argyll and Bute
PA68,Argyll and Bute
PA69,Argyll and Bute
PA69,Argyll and Bute
PA7,Renfrewshire
PA7,Renfrewshire
PA70,Argyll and Bute
PA70,Argyll and Bute
PA71,Argyll and Bute
PA71,Argyll and Bute
PA72,Argyll and Bute
PA72,Argyll and Bute
PA73,Argyll and Bute
PA73,Argyll and Bute
PA74,Argyll and Bute
PA74,Argyll and Bute
PA75,Argyll and Bute
PA75,Argyll and Bute
PA76,Argyll and Bute
PA76,Argyll and Bute
PA77,Argyll and Bute
PA77,Argyll and Bute
PA78,Argyll and Bute
PA78,Argyll and Bute
PA8,Renfrewshire
PA8,Renfrewshire
PA80,Argyll and Bute
PA80,Argyll and Bute
PA81,Argyll and Bute
PA81,Argyll and Bute
PA82,Argyll and Bute
PA82,Argyll and Bute
PA83,Argyll and Bute
PA83,Argyll and Bute
PA84,Argyll and Bute
PA84,Argyll and Bute
PA85,Argyll and Bute
PA85,Argyll and Bute
PA86,Argyll and Bute
PA86,Argyll and Bute
PA87,Argyll and Bute
PA87,Argyll and Bute
PA88,Argyll and Bute
PA88,Argyll and Bute
PA9,Renfrewshire
PA9,Renfrewshire
PA98,Argyll and Bute
PA98,Argyll and Bute
PE1,Cambridgeshire
PE1,Cambridgeshire
PE10,Lincolnshire
PE10,Lincolnshire
PE11,Lincolnshire
PE11,Lincolnshire
PE12,Lincolnshire
PE12,Lincolnshire
PE13,Cambridgeshire
PE13,Cambridgeshire
PE14,Cambridgeshire
PE14,Cambridgeshire
PE15,Cambridgeshire
PE15,Cambridgeshire
PE16,Cambridgeshire
PE16,Cambridgeshire
PE17,Cambridgeshire
PE17,Cambridgeshire
PE18,Cambridgeshire
PE18,Cambridgeshire
PE19,Cambridgeshire
PE19,Cambridgeshire
PE2,Cambridgeshire
PE2,Cambridgeshire
PE20,Lincolnshire
PE20,Lincolnshire
PE21,Lincolnshire
PE21,Lincolnshire
PE22,Lincolnshire
PE22,Lincolnshire
PE23,Lincolnshire
PE23,Lincolnshire
PE24,Lincolnshire
PE24,Lincolnshire
PE25,Lincolnshire
PE25,Lincolnshire
PE26,Cambridgeshire
PE26,Cambridgeshire
PE27,Cambridgeshire
PE27,Cambridgeshire
PE28,Cambridgeshire
PE28,Cambridgeshire
PE29,Cambridgeshire
PE29,Cambridgeshire
PE3,Cambridgeshire
PE3,Cambridgeshire
PE30,Norfolk
PE30,Norfolk
PE31,Norfolk
PE31,Norfolk
PE32,Norfolk
PE32,Norfolk
PE33,Norfolk
PE33,Norfolk
PE34,Norfolk
PE34,Norfolk
PE35,Norfolk
PE35,Norfolk
PE36,Norfolk
PE36,Norfolk
PE37,Norfolk
PE37,Norfolk
PE38,Norfolk
PE38,Norfolk
PE4,Cambridgeshire
PE4,Cambridgeshire
PE5,Cambridgeshire
PE5,Cambridgeshire
PE6,Cambridgeshire
PE6,Cambridgeshire
PE7,Cambridgeshire
PE7,Cambridgeshire
PE8,Northamptonshire
PE8,Northamptonshire
PE9,Lincolnshire
PE9,Lincolnshire
PE99,Cambridgeshire
PE99,Cambridgeshire
PH1,Perth and Kinross
PH10,Perth and Kinross
PH11,Perth and Kinross
PH12,Perth and Kinross
PH13,Perth and Kinross
PH14,Perth and Kinross
PH15,Perth and Kinross
PH16,Perth and Kinross
PH17,Perth and Kinross
PH18,Perth and Kinross
PH19,Highland
PH2,Perth and Kinross
PH20,Highland
PH21,Highland
PH22,Highland
PH23,Highland
PH24,Highland
PH25,Highland
PH26,Highland
PH3,Perth and Kinross
PH30,Highland
PH31,Highland
PH32,Highland
PH33,Highland
PH34,Highland
PH35,Highland
PH36,Highland
PH37,Highland
PH38,Highland
PH39,Highland
PH4,Perth and Kinross
PH40,Highland
PH41,Highland
PH42,Highland
PH43,Highland
PH44,Highland
PH49,Highland
PH5,Perth and Kinross
PH50,Highland
PH6,Perth and Kinross
PH7,Perth and Kinross
PH8,Perth and Kinross
PH9,Perth and Kinross
PL1,Devon
PL10,Cornwall
PL11,Cornwall
PL12,Cornwall
PL13,Cornwall
PL14,Cornwall
PL15,Cornwall
PL16,Devon
PL17,Cornwall
PL18,Cornwall
PL19,Devon
PL2,Devon
PL20,Devon
PL21,Devon
PL22,Cornwall
PL23,Cornwall
PL24,Cornwall
PL25,Cornwall
PL26,Cornwall
PL27,Cornwall
PL28,Cornwall
PL29,Cornwall
PL3,Devon
PL30,Cornwall
PL31,Cornwall
PL32,Cornwall
PL33,Cornwall
PL34,Cornwall
PL35,Cornwall
PL4,Devon
PL5,Devon
PL6,Devon
PL7,Devon
PL8,Devon
PL9,Devon
PL95,Devon
PO1,Hampshire
PO10,Hampshire
PO11,Hampshire
PO12,Hampshire
PO13,Hampshire
PO14,Hampshire
PO15,Hampshire
PO16,Hampshire
PO17,Hampshire
PO18,West Sussex
PO19,West Sussex
PO2,Hampshire
PO20,West Sussex
PO21,West Sussex
PO22,West Sussex
PO24,West Sussex
PO3,Hampshire
PO30,Isle of Wight
PO31,Isle of Wight
PO32,Isle of Wight
PO33,Isle of Wight
PO34,Isle of Wight
PO35,Isle of Wight
PO36,Isle of Wight
PO37,Isle of Wight
PO38,Isle of Wight
PO39,Isle of Wight
PO4,Hampshire
PO40,Isle of Wight
PO41,Isle of Wight
PO5,Hampshire
PO6,Hampshire
PO7,Hampshire
PO8,Hampshire
PO9,Hampshire
PR0,Lancashire
PR1,Lancashire
PR11,Lancashire
PR2,Lancashire
PR25,Lancashire
PR26,Lancashire
PR3,Lancashire
PR4,Lancashire
PR5,Lancashire
PR6,Lancashire
PR7,Lancashire
PR8,Merseyside
PR9,Merseyside
RG1,Berkshire
RG10,Berkshire
RG11,Berkshire
RG12,Berkshire
RG13,Berkshire
RG14,Berkshire
RG15,Berkshire
RG16,Berkshire
RG17,Berkshire
RG18,Berkshire
RG19,Berkshire
RG2,Berkshire
RG20,Berkshire
RG21,Hampshire
RG22,Hampshire
RG23,Hampshire
RG24,Hampshire
RG25,Hampshire
RG26,Hampshire
RG27,Hampshire
RG28,Hampshire
RG29,Hampshire
RG3,Berkshire
RG30,Berkshire
RG31,Berkshire
RG4,Berkshire
RG40,Berkshire
RG41,Berkshire
RG42,Berkshire
RG45,Berkshire
RG5,Berkshire
RG6,Berkshire
RG7,Berkshire
RG8,Oxfordshire
RG9,Oxfordshire
RH1,Surrey
RH10,West Sussex
RH11,West Sussex
RH12,West Sussex
RH13,West Sussex
RH14,West Sussex
RH15,West Sussex
RH16,West Sussex
RH17,West Sussex
RH18,East Sussex
RH19,West Sussex
RH2,Surrey
RH20,West Sussex
RH3,Surrey
RH4,Surrey
RH5,Surrey
RH6,Surrey
RH7,Surrey
RH77,West Sussex
RH8,Surrey
RH9,Surrey
RM1,Greater London
RM10,Greater London
RM11,Greater London
RM12,Greater London
RM13,Greater London
RM14,Greater London
RM15,Greater London
RM16,Essex
RM17,Essex
RM18,Essex
RM19,Essex
RM2,Greater London
RM20,Essex
RM3,Greater London
RM4,Greater London
RM5,Greater London
RM50,Essex
RM6,Greater London
RM7,Greater London
RM8,Greater London
RM9,Greater London
S1,South Yorkshire
S10,South Yorkshire
S11,South Yorkshire
S12,South Yorkshire
S13,South Yorkshire
S14,South Yorkshire
S17,South Yorkshire
S18,Derbyshire
S19,South Yorkshire
S2,South Yorkshire
S20,South Yorkshire
S21,Derbyshire
S25,South Yorkshire
S26,South Yorkshire
S3,South Yorkshire
S30,South Yorkshire
S31,Derbyshire
S32,Derbyshire
S33,Derbyshire
S35,South Yorkshire
S36,South Yorkshire
S4,South Yorkshire
S40,Derbyshire
S41,Derbyshire
S42,Derbyshire
S43,Derbyshire
S44,Derbyshire
S45,Derbyshire
S49,Derbyshire
S5,South Yorkshire
S6,South Yorkshire
S60,South Yorkshire
S61,South Yorkshire
S62,South Yorkshire
S63,South Yorkshire
S64,South Yorkshire
S65,South Yorkshire
S66,South Yorkshire
S69,South Yorkshire
S7,South Yorkshire
S70,South Yorkshire
S71,South Yorkshire
S72,South Yorkshire
S73,South Yorkshire
S74,South Yorkshire
S75,South Yorkshire
S8,South Yorkshire
S80,Nottinghamshire
S81,Nottinghamshire
S9,South Yorkshire
S94,South Yorkshire
S95,South Yorkshire
S96,South Yorkshire
S97,South Yorkshire
S98,South Yorkshire
S99,South Yorkshire
SA1,Swansea
SA10,Neath Port Talbot
SA11,Neath Port Talbot
SA12,Neath Port Talbot
SA13,Neath Port Talbot
SA14,Carmarthenshire
SA15,Carmarthenshire
SA16,Carmarthenshire
SA17,Carmarthenshire
SA18,Carmarthenshire
SA19,Carmarthenshire
SA2,Swansea
SA20,Carmarthenshire
SA3,Swansea
SA31,Carmarthenshire
SA32,Carmarthenshire
SA33,Carmarthenshire
SA34,Carmarthenshire
SA35,Pembrokeshire
SA36,Pembrokeshire
SA37,Pembrokeshire
SA38,Ceredigion
SA39,Carmarthenshire
SA4,Swansea
SA40,Carmarthenshire
SA41,Pembrokeshire
SA42,Pembrokeshire
SA43,Pembrokeshire
SA44,Ceredigion
SA45,Ceredigion
SA46,Ceredigion
SA47,Ceredigion
SA48,Ceredigion
SA5,Swansea
SA6,Swansea
SA61,Pembrokeshire
SA62,Pembrokeshire
SA63,Pembrokeshire
SA64,Pembrokeshire
SA65,Pembrokeshire
SA66,Pembrokeshire
SA67,Pembrokeshire
SA68,Pembrokeshire
SA69,Pembrokeshire
SA7,Swansea
SA70,Pembrokeshire
SA71,Pembrokeshire
SA72,Pembrokeshire
SA73,Pembrokeshire
SA8,Swansea
SA80,Powys
SA9,Powys
SA99,Swansea
SE1,Greater London
SE10,Greater London
SE11,Greater London
SE12,Greater London
SE13,Greater London
SE14,Greater London
SE15,Greater London
SE16,Greater London
SE17,Greater London
SE18,Greater London
SE19,Greater London
SE1P,Greater London
SE2,Greater London
SE20,Greater London
SE21,Greater London
SE22,Greater London
SE23,Greater London
SE24,Greater London
SE25,Greater London
SE26,Greater London
SE27,Greater London
SE28,Greater London
SE3,Greater London
SE4,Greater London
SE5,Greater London
SE6,Greater London
SE7,Greater London
SE8,Greater London
SE9,Greater London
SE99,Greater London
SG1,Hertfordshire
SG10,Hertfordshire
SG11,Hertfordshire
SG12,Hertfordshire
SG13,Hertfordshire
SG14,Hertfordshire
SG15,Bedfordshire
SG16,Bedfordshire
SG17,Bedfordshire
SG18,Bedfordshire
SG19,Bedfordshire
SG2,Hertfordshire
SG3,Hertfordshire
SG4,Hertfordshire
SG5,Hertfordshire
SG6,Hertfordshire
SG7,Hertfordshire
SG8,Hertfordshire
SG9,Hertfordshire
SK1,Greater Manchester
SK10,Cheshire
SK11,Cheshire
SK12,Cheshire
SK13,Derbyshire
SK14,Greater Manchester
SK15,Greater Manchester
SK16,Greater Manchester
SK17,Derbyshire
SK2,Greater Manchester
SK22,Derbyshire
SK23,Derbyshire
SK3,Greater Manchester
SK4,Greater Manchester
SK5,Greater Manchester
SK6,Greater Manchester
SK7,Greater Manchester
SK8,Greater Manchester
SK9,Cheshire
SL0,Buckinghamshire
SL1,Berkshire
SL2,Berkshire
SL3,Berkshire
SL4,Berkshire
SL5,Berkshire
SL6,Berkshire
SL60,Berkshire
SL7,Buckinghamshire
SL8,Buckinghamshire
SL9,Buckinghamshire
SL95,Berkshire
SM1,Greater London
SM2,Greater London
SM3,Greater London
SM4,Greater London
SM5,Greater London
SM6,Greater London
SM7,Surrey
SN1,Wiltshire
SN10,Wiltshire
SN11,Wiltshire
SN12,Wiltshire
SN13,Wiltshire
SN14,Wiltshire
SN15,Wiltshire
SN16,Wiltshire
SN17,Wiltshire
SN2,Wiltshire
SN25,Wiltshire
SN26,Wiltshire
SN3,Wiltshire
SN38,Wiltshire
SN4,Wiltshire
SN42,Wiltshire
SN5,Wiltshire
SN6,Wiltshire
SN7,Wiltshire
SN8,Wiltshire
SN86,Wiltshire
SN9,Wiltshire
SN99,Wiltshire
SO1,Hampshire
SO14,Hampshire
SO15,Hampshire
SO16,Hampshire
SO17,Hampshire
SO18,Hampshire
SO19,Hampshire
SO2,Hampshire
SO20,Hampshire
SO21,Hampshire
SO22,Hampshire
SO23,Hampshire
SO24,Hampshire
SO25,Hampshire
SO3,Hampshire
SO30,Hampshire
SO31,Hampshire
SO32,Hampshire
SO4,Hampshire
SO40,Hampshire
SO41,Hampshire
SO42,Hampshire
SO43,Hampshire
SO45,Hampshire
SO5,Hampshire
SO50,Hampshire
SO51,Hampshire
SO52,Hampshire
SO53,Hampshire
SO9,Hampshire
SO97,Hampshire
SP1,Wiltshire
SP10,Hampshire
SP11,Hampshire
SP2,Wiltshire
SP3,Wiltshire
SP4,Wiltshire
SP5,Wiltshire
SP6,Hampshire
SP7,Dorset
SP8,Dorset
SP9,Wiltshire
SR1,Tyne and Wear
SR2,Tyne and Wear
SR3,Tyne and Wear
SR4,Tyne and Wear
SR43,Tyne and Wear
SR5,Tyne and Wear
SR6,Tyne and Wear
SR7,Tyne and Wear
SR8,County Durham
SR88,Tyne and Wear
SR9,Tyne and Wear
SS0,Essex
SS1,Essex
SS11,Essex
SS12,Essex
SS13,Essex
SS14,Essex
SS15,Essex
SS16,Essex
SS17,Essex
SS2,Essex
SS22,Essex
SS3,Essex
SS4,Essex
SS5,Essex
SS6,Essex
SS7,Essex
SS8,Essex
SS9,Essex
SS99,Essex
ST1,Staffordshire
ST10,Staffordshire
ST11,Staffordshire
ST12,Staffordshire
ST13,Staffordshire
ST14,Staffordshire
ST15,Staffordshire
ST16,Staffordshire
ST17,Staffordshire
ST18,Staffordshire
ST19,Staffordshire
ST2,Staffordshire
ST20,Staffordshire
ST21,Staffordshire
ST3,Staffordshire
ST4,Staffordshire
ST5,Staffordshire
ST55,Staffordshire
ST6,Staffordshire
ST7,Staffordshire
ST8,Staffordshire
ST9,Staffordshire
SW10,Greater London
SW11,Greater London
SW12,Greater London
SW13,Greater London
SW14,Greater London
SW15,Greater London
SW16,Greater London
SW17,Greater London
SW18,Greater London
SW19,Greater London
SW1A,Greater London
SW1E,Greater London
SW1H,Greater London
SW1P,Greater London
SW1V,Greater London
SW1W,Greater London
SW1X,Greater London
SW1Y,Greater London
SW2,Greater London
SW20,Greater London
SW3,Greater London
SW4,Greater London
SW5,Greater London
SW6,Greater London
SW7,Greater London
SW8,Greater London
SW9,Greater London
SW95,Greater London
SW99,Greater London
SY1,Shropshire
SY10,Shropshire
SY11,Shropshire
SY12,Shropshire
SY13,Shropshire
SY14,Shropshire
SY15,Powys
SY16,Powys
SY17,Powys
SY18,Powys
SY19,Powys
SY2,Shropshire
SY20,Powys
SY21,Powys
SY22,Powys
SY23,Ceredigion
SY24,Ceredigion
SY25,Ceredigion
SY3,Shropshire
SY4,Shropshire
SY5,Shropshire
SY6,Shropshire
SY7,Shropshire
SY8,Shropshire
SY9,Shropshire
SY99,Shropshire
TA1,Somerset
TA10,Somerset
TA11,Somerset
TA12,Somerset
TA13,Somerset
TA14,Somerset
TA15,Somerset
TA16,Somerset
TA17,Somerset
TA18,Somerset
TA19,Somerset
TA2,Somerset
TA20,Somerset
TA21,Somerset
TA22,Somerset
TA23,Somerset
TA24,Somerset
TA3,Somerset
TA4,Somerset
TA5,Somerset
TA6,Somerset
TA7,Somerset
TA8,Somerset
TA9,Somerset
TD1,Scottish Borders
TD10,Scottish Borders
TD11,Scottish Borders
TD12,Scottish Borders
TD13,Scottish Borders
TD14,Scottish Borders
TD15,Scottish Borders
TD2,Scottish Borders
TD3,Scottish Borders
TD4,Scottish Borders
TD5,Scottish Borders
TD6,Scottish Borders
TD7,Scottish Borders
TD8,Scottish Borders
TD9,Scottish Borders
TF1,Shropshire
TF10,Shropshire
TF11,Shropshire
TF12,Shropshire
TF13,Shropshire
TF2,Shropshire
TF3,Shropshire
TF4,Shropshire
TF5,Shropshire
TF6,Shropshire
TF7,Shropshire
TF8,Shropshire
TF9,Shropshire
TN1,Kent
TN10,Kent
TN11,Kent
TN12,Kent
TN13,Kent
TN14,Kent
TN15,Kent
TN16,Kent
TN17,Kent
TN18,Kent
TN19,East Sussex
TN2,Kent
TN20,East Sussex
TN21,East Sussex
TN22,East Sussex
TN23,Kent
TN24,Kent
TN25,Kent
TN26,Kent
TN27,Kent
TN28,Kent
TN29,Kent
TN3,Kent
TN30,Kent
TN31,East Sussex
TN32,East Sussex
TN33,East Sussex
TN34,East Sussex
TN35,East Sussex
TN36,East Sussex
TN37,East Sussex
TN38,East Sussex
TN39,East Sussex
TN4,Kent
TN40,East Sussex
TN5,Kent
TN6,East Sussex
TN7,East Sussex
TN8,Kent
TN9,Kent
TQ1,Devon
TQ10,Devon
TQ11,Devon
TQ12,Devon
TQ13,Devon
TQ14,Devon
TQ2,Devon
TQ3,Devon
TQ4,Devon
TQ5,Devon
TQ6,Devon
TQ7,Devon
TQ8,Devon
TQ9,Devon
TR1,Cornwall
TR10,Cornwall
TR11,Cornwall
TR12,Cornwall
TR13,Cornwall
TR14,Cornwall
TR15,Cornwall
TR16,Cornwall
TR17,Cornwall
TR18,Cornwall
TR19,Cornwall
TR2,Cornwall
TR20,Cornwall
TR21,Cornwall
TR22,Cornwall
TR23,Cornwall
TR24,Cornwall
TR25,Cornwall
TR26,Cornwall
TR27,Cornwall
TR3,Cornwall
TR4,Cornwall
TR5,Cornwall
TR6,Cornwall
TR7,Cornwall
TR8,Cornwall
TR9,Cornwall
TR93,Cornwall
TS1,North Yorkshire
TS10,North Yorkshire
TS11,North Yorkshire
TS12,North Yorkshire
TS13,North Yorkshire
TS14,North Yorkshire
TS15,North Yorkshire
TS16,North Yorkshire
TS17,North Yorkshire
TS18,North Yorkshire
TS19,North Yorkshire
TS2,North Yorkshire
TS20,North Yorkshire
TS21,North Yorkshire
TS22,North Yorkshire
TS23,North Yorkshire
TS24,North Yorkshire
TS25,North Yorkshire
TS26,North Yorkshire
TS27,North Yorkshire
TS28,North Yorkshire
TS29,North Yorkshire
TS3,North Yorkshire
TS4,North Yorkshire
TS5,North Yorkshire
TS6,North Yorkshire
TS7,North Yorkshire
TS8,North Yorkshire
TS9,North Yorkshire
TS90,North Yorkshire
TW1,Greater London
TW10,Greater London
TW11,Greater London
TW12,Greater London
TW13,Greater London
TW14,Greater London
TW15,Greater London
TW16,Greater London
TW17,Greater London
TW18,Surrey
TW19,Surrey
TW2,Greater London
TW20,Surrey
TW3,Greater London
TW4,Greater London
TW5,Greater London
TW6,Greater London
TW7,Greater London
TW8,Greater London
TW9,Greater London
UB1,Greater London
UB10,Greater London
UB11,Greater London
UB18,Greater London
UB2,Greater London
UB3,Greater London
UB4,Greater London
UB5,Greater London
UB6,Greater London
UB7,Greater London
UB8,Greater London
UB9,Greater London
W10,Greater London
W11,Greater London
W12,Greater London
W13,Greater London
W14,Greater London
W1A,Greater London
W1B,Greater London
W1C,Greater London
W1D,Greater London
W1E,Greater London
W1F,Greater London
W1G,Greater London
W1H,Greater London
W1J,Greater London
W1K,Greater London
W1M,Greater London
W1N,Greater London
W1P,Greater London
W1R,Greater London
W1S,Greater London
W1T,Greater London
W1U,Greater London
W1V,Greater London
W1W,Greater London
W1X,Greater London
W1Y,Greater London
W2,Greater London
W3,Greater London
W4,Greater London
W5,Greater London
W6,Greater London
W7,Greater London
W8,Greater London
W9,Greater London
WA1,Cheshire
WA10,Merseyside
WA11,Merseyside
WA12,Merseyside
WA13,Cheshire
WA14,Greater Manchester
WA15,Greater Manchester
WA16,Cheshire
WA2,Cheshire
WA3,Cheshire
WA4,Cheshire
WA5,Cheshire
WA55,Cheshire
WA6,Cheshire
WA7,Cheshire
WA8,Cheshire
WA88,Merseyside
WA9,Merseyside
WC1A,Greater London
WC1B,Greater London
WC1E,Greater London
WC1H,Greater London
WC1N,Greater London
WC1R,Greater London
WC1V,Greater London
WC1X,Greater London
WC2A,Greater London
WC2B,Greater London
WC2E,Greater London
WC2H,Greater London
WC2N,Greater London
WC2R,Greater London
WC99,Greater London
WD1,Hertfordshire
WD17,Hertfordshire
WD18,Hertfordshire
WD19,Hertfordshire
WD2,Hertfordshire
WD23,Hertfordshire
WD24,Hertfordshire
WD25,Hertfordshire
WD3,Hertfordshire
WD4,Hertfordshire
WD5,Hertfordshire
WD6,Hertfordshire
WD7,Hertfordshire
WD99,Hertfordshire
WF1,West Yorkshire
WF10,West Yorkshire
WF11,West Yorkshire
WF12,West Yorkshire
WF13,West Yorkshire
WF14,West Yorkshire
WF15,West Yorkshire
WF16,West Yorkshire
WF17,West Yorkshire
WF2,West Yorkshire
WF3,West Yorkshire
WF4,West Yorkshire
WF5,West Yorkshire
WF6,West Yorkshire
WF7,West Yorkshire
WF8,West Yorkshire
WF9,West Yorkshire
WF90,West Yorkshire
WN1,Greater Manchester
WN2,Greater Manchester
WN3,Greater Manchester
WN4,Greater Manchester
WN5,Greater Manchester
WN6,Greater Manchester
WN7,Greater Manchester
WN8,Lancashire
WR1,Worcestershire
WR10,Worcestershire
WR11,Worcestershire
WR12,Worcestershire
WR13,Herefordshire
WR14,Herefordshire
WR15,Herefordshire
WR2,Worcestershire
WR3,Worcestershire
WR4,Worcestershire
WR5,Worcestershire
WR6,Worcestershire
WR7,Worcestershire
WR78,Worcestershire
WR8,Worcestershire
WR9,Worcestershire
WR99,Worcestershire
WS1,West Midlands
WS10,West Midlands
WS11,Staffordshire
WS12,Staffordshire
WS13,Staffordshire
WS14,Staffordshire
WS15,Staffordshire
WS2,West Midlands
WS3,West Midlands
WS4,West Midlands
WS5,West Midlands
WS6,West Midlands
WS7,West Midlands
WS8,West Midlands
WS9,West Midlands
WV1,West Midlands
WV10,West Midlands
WV11,West Midlands
WV12,West Midlands
WV13,West Midlands
WV14,West Midlands
WV15,Shropshire
WV16,Shropshire
WV2,West Midlands
WV3,West Midlands
WV4,West Midlands
WV5,Staffordshire
WV6,West Midlands
WV7,Shropshire
WV8,West Midlands
WV9,West Midlands
WV98,West Midlands
WV99,West Midlands
YO1,North Yorkshire
YO10,North Yorkshire
YO11,North Yorkshire
YO12,North Yorkshire
YO13,North Yorkshire
YO14,North Yorkshire
YO15,East Riding of Yorkshire
YO16,East Riding of Yorkshire
YO17,North Yorkshire
YO18,North Yorkshire
YO19,North Yorkshire
YO2,North Yorkshire
YO21,North Yorkshire
YO22,North Yorkshire
YO23,North Yorkshire
YO24,North Yorkshire
YO25,East Riding of Yorkshire
YO26,North Yorkshire
YO3,North Yorkshire
YO30,North Yorkshire
YO31,North Yorkshire
YO32,North Yorkshire
YO4,North Yorkshire
YO41,East Riding of Yorkshire
YO42,East Riding of Yorkshire
YO43,East Riding of Yorkshire
YO5,North Yorkshire
YO51,North Yorkshire
YO6,North Yorkshire
YO60,North Yorkshire
YO61,North Yorkshire
YO62,North Yorkshire
YO7,North Yorkshire
YO8,North Yorkshire
YO90,North Yorkshire
YO91,North Yorkshire
YO95,North Yorkshire
ZE1,Shetland
ZE2,Shetland
ZE3,Shetland
